File,Size
csm_rand_310.c.out,43258
csm_rand_192.c.out,16021
csm_rand_669.c.out,75818
csm_rand_864.c.out,12837
csm_rand_28.c.out,89194
csm_rand_838.c.out,6670
csm_rand_619.c.out,46486
csm_rand_960.c.out,30034
csm_rand_510.c.out,52626
csm_rand_473.c.out,82362
csm_rand_799.c.out,43550
csm_rand_896.c.out,59714
csm_rand_752.c.out,67714
csm_rand_164.c.out,63110
csm_rand_353.c.out,44032
csm_rand_945.c.out,62162
csm_rand_240.c.out,62394
csm_rand_259.c.out,11953
csm_rand_723.c.out,10113
csm_rand_997.c.out,70346
csm_rand_964.c.out,50682
csm_rand_106.c.out,2346
csm_rand_388.c.out,70946
csm_rand_512.c.out,48770
csm_rand_393.c.out,41066
csm_rand_965.c.out,70362
csm_rand_95.c.out,2601
csm_rand_648.c.out,45898
csm_rand_202.c.out,48361
csm_rand_688.c.out,67842
csm_rand_365.c.out,2553
csm_rand_500.c.out,39409
csm_rand_678.c.out,13914
csm_rand_636.c.out,54746
csm_rand_625.c.out,8986
csm_rand_727.c.out,30290
csm_rand_680.c.out,8833
csm_rand_322.c.out,61946
csm_rand_115.c.out,18042
csm_rand_733.c.out,35722
csm_rand_315.c.out,44147
csm_rand_241.c.out,48394
csm_rand_316.c.out,143842
csm_rand_840.c.out,34370
csm_rand_764.c.out,41137
csm_rand_74.c.out,48770
csm_rand_552.c.out,26310
csm_rand_279.c.out,52498
csm_rand_918.c.out,2298
csm_rand_885.c.out,44106
csm_rand_803.c.out,80514
csm_rand_262.c.out,10202
csm_rand_930.c.out,30945
csm_rand_684.c.out,24706
csm_rand_56.c.out,54914
csm_rand_853.c.out,44130
csm_rand_640.c.out,2414
csm_rand_223.c.out,34570
csm_rand_15.c.out,57546
csm_rand_626.c.out,94538
csm_rand_407.c.out,38890
csm_rand_685.c.out,8601
csm_rand_198.c.out,46090
csm_rand_708.c.out,7065
csm_rand_278.c.out,23466
csm_rand_877.c.out,141858
csm_rand_75.c.out,29313
csm_rand_492.c.out,6022
csm_rand_440.c.out,2482
csm_rand_778.c.out,71274
csm_rand_832.c.out,49009
csm_rand_568.c.out,12186
csm_rand_934.c.out,8713
csm_rand_178.c.out,11698
csm_rand_402.c.out,12698
csm_rand_808.c.out,51027
csm_rand_592.c.out,19681
csm_rand_247.c.out,6714
csm_rand_813.c.out,71410
csm_rand_521.c.out,11729
csm_rand_633.c.out,21033
csm_rand_104.c.out,76666
csm_rand_326.c.out,21614
csm_rand_715.c.out,31834
csm_rand_755.c.out,87698
csm_rand_726.c.out,32370
csm_rand_525.c.out,27240
csm_rand_694.c.out,85378
csm_rand_630.c.out,2379
csm_rand_284.c.out,55194
csm_rand_621.c.out,6473
csm_rand_124.c.out,2776
csm_rand_356.c.out,62082
csm_rand_787.c.out,12377
csm_rand_576.c.out,24946
csm_rand_2.c.out,64206
csm_rand_117.c.out,5940
csm_rand_686.c.out,6586
csm_rand_865.c.out,35882
csm_rand_882.c.out,2450
csm_rand_141.c.out,40866
csm_rand_943.c.out,2729
csm_rand_953.c.out,67490
csm_rand_654.c.out,27050
csm_rand_88.c.out,91834
csm_rand_286.c.out,101090
csm_rand_336.c.out,2961
csm_rand_990.c.out,8301
csm_rand_532.c.out,65162
csm_rand_590.c.out,26250
csm_rand_4.c.out,18414
csm_rand_413.c.out,19002
csm_rand_844.c.out,2298
csm_rand_264.c.out,2511
csm_rand_644.c.out,59066
csm_rand_815.c.out,77762
csm_rand_658.c.out,9426
csm_rand_758.c.out,2489
csm_rand_340.c.out,104918
csm_rand_82.c.out,16586
csm_rand_61.c.out,69482
csm_rand_384.c.out,32262
csm_rand_140.c.out,1754
csm_rand_458.c.out,7570
csm_rand_895.c.out,91250
csm_rand_243.c.out,15945
csm_rand_962.c.out,1738
csm_rand_677.c.out,7537
csm_rand_565.c.out,124506
csm_rand_806.c.out,2777
csm_rand_478.c.out,2995
csm_rand_683.c.out,2567
csm_rand_706.c.out,24146
csm_rand_177.c.out,84370
csm_rand_408.c.out,27549
csm_rand_937.c.out,9521
csm_rand_58.c.out,8362
csm_rand_757.c.out,25970
csm_rand_531.c.out,34858
csm_rand_257.c.out,5017
csm_rand_679.c.out,43242
csm_rand_995.c.out,10133
csm_rand_17.c.out,36482
csm_rand_593.c.out,2801
csm_rand_975.c.out,39142
csm_rand_359.c.out,12650
csm_rand_560.c.out,23481
csm_rand_900.c.out,9290
csm_rand_0.c.out,19850
csm_rand_132.c.out,8785
csm_rand_929.c.out,94226
csm_rand_142.c.out,70082
csm_rand_373.c.out,102066
csm_rand_777.c.out,48690
csm_rand_166.c.out,43106
csm_rand_796.c.out,2682
csm_rand_422.c.out,58226
csm_rand_93.c.out,77846
csm_rand_870.c.out,73090
csm_rand_807.c.out,2379
csm_rand_785.c.out,31576
csm_rand_290.c.out,37050
csm_rand_919.c.out,98538
csm_rand_650.c.out,5037
csm_rand_213.c.out,41442
csm_rand_309.c.out,11089
csm_rand_434.c.out,16709
csm_rand_607.c.out,2414
csm_rand_681.c.out,72261
csm_rand_410.c.out,2451
csm_rand_472.c.out,59994
csm_rand_354.c.out,2730
csm_rand_40.c.out,8241
csm_rand_742.c.out,2298
csm_rand_38.c.out,68970
csm_rand_151.c.out,41658
csm_rand_939.c.out,24474
csm_rand_272.c.out,8786
csm_rand_676.c.out,54810
csm_rand_817.c.out,7985
csm_rand_886.c.out,3363
csm_rand_631.c.out,13321
csm_rand_977.c.out,4314
csm_rand_119.c.out,2753
csm_rand_369.c.out,12569
csm_rand_952.c.out,9574
csm_rand_519.c.out,15209
csm_rand_916.c.out,81410
csm_rand_890.c.out,98546
csm_rand_476.c.out,2873
csm_rand_123.c.out,16781
csm_rand_790.c.out,46050
csm_rand_858.c.out,9457
csm_rand_291.c.out,98002
csm_rand_196.c.out,2298
csm_rand_766.c.out,1754
csm_rand_906.c.out,25313
csm_rand_418.c.out,79374
csm_rand_433.c.out,68762
csm_rand_543.c.out,98866
csm_rand_73.c.out,13586
csm_rand_42.c.out,22889
csm_rand_535.c.out,37677
csm_rand_910.c.out,2467
csm_rand_197.c.out,105482
csm_rand_469.c.out,2761
csm_rand_480.c.out,104974
csm_rand_416.c.out,1754
csm_rand_319.c.out,4681
csm_rand_545.c.out,13277
csm_rand_379.c.out,55990
csm_rand_232.c.out,27530
csm_rand_363.c.out,2409
csm_rand_381.c.out,35938
csm_rand_412.c.out,88522
csm_rand_215.c.out,13530
csm_rand_456.c.out,8441
csm_rand_441.c.out,1754
csm_rand_235.c.out,41282
csm_rand_614.c.out,137210
csm_rand_533.c.out,2563
csm_rand_909.c.out,69618
csm_rand_339.c.out,86102
csm_rand_378.c.out,52650
csm_rand_399.c.out,67314
csm_rand_30.c.out,67206
csm_rand_149.c.out,30561
csm_rand_121.c.out,13314
csm_rand_747.c.out,162906
csm_rand_352.c.out,16017
csm_rand_567.c.out,2686
csm_rand_905.c.out,43666
csm_rand_701.c.out,18977
csm_rand_867.c.out,25146
csm_rand_998.c.out,49922
csm_rand_779.c.out,15086
csm_rand_728.c.out,39337
csm_rand_645.c.out,88274
csm_rand_79.c.out,74514
csm_rand_558.c.out,97986
csm_rand_275.c.out,14009
csm_rand_461.c.out,102002
csm_rand_419.c.out,22426
csm_rand_442.c.out,72034
csm_rand_334.c.out,4065
csm_rand_161.c.out,27266
csm_rand_800.c.out,2298
csm_rand_698.c.out,2414
csm_rand_894.c.out,15649
csm_rand_773.c.out,17834
csm_rand_583.c.out,11865
csm_rand_912.c.out,49082
csm_rand_465.c.out,6642
csm_rand_277.c.out,23874
csm_rand_770.c.out,104922
csm_rand_144.c.out,225022
csm_rand_955.c.out,3569
csm_rand_335.c.out,174170
csm_rand_793.c.out,7570
csm_rand_957.c.out,8078
csm_rand_530.c.out,16713
csm_rand_26.c.out,2665
csm_rand_788.c.out,35555
csm_rand_485.c.out,10194
csm_rand_203.c.out,59962
csm_rand_699.c.out,84586
csm_rand_973.c.out,2993
csm_rand_553.c.out,72506
csm_rand_199.c.out,71258
csm_rand_332.c.out,23546
csm_rand_285.c.out,105778
csm_rand_16.c.out,36211
csm_rand_283.c.out,39458
csm_rand_622.c.out,64242
csm_rand_271.c.out,27877
csm_rand_67.c.out,17785
csm_rand_400.c.out,13854
csm_rand_562.c.out,7858
csm_rand_436.c.out,81086
csm_rand_102.c.out,29910
csm_rand_982.c.out,59714
csm_rand_62.c.out,8426
csm_rand_876.c.out,22858
csm_rand_489.c.out,57602
csm_rand_498.c.out,40522
csm_rand_959.c.out,55970
csm_rand_231.c.out,60306
csm_rand_250.c.out,14992
csm_rand_267.c.out,83610
csm_rand_692.c.out,10705
csm_rand_147.c.out,19786
csm_rand_216.c.out,13301
csm_rand_903.c.out,2571
csm_rand_108.c.out,43298
csm_rand_591.c.out,75642
csm_rand_321.c.out,27538
csm_rand_600.c.out,79210
csm_rand_841.c.out,33690
csm_rand_255.c.out,75722
csm_rand_700.c.out,13241
csm_rand_145.c.out,7434
csm_rand_175.c.out,14629
csm_rand_664.c.out,2766
csm_rand_632.c.out,34426
csm_rand_437.c.out,53338
csm_rand_355.c.out,2711
csm_rand_572.c.out,2977
csm_rand_409.c.out,45650
csm_rand_660.c.out,118746
csm_rand_289.c.out,1738
csm_rand_22.c.out,5345
csm_rand_954.c.out,6874
csm_rand_305.c.out,3648
csm_rand_404.c.out,14713
csm_rand_999.c.out,49802
csm_rand_224.c.out,17501
csm_rand_496.c.out,45906
csm_rand_263.c.out,45818
csm_rand_926.c.out,2925
csm_rand_767.c.out,73570
csm_rand_792.c.out,14954
csm_rand_991.c.out,2453
csm_rand_254.c.out,6577
csm_rand_362.c.out,1754
csm_rand_425.c.out,10033
csm_rand_449.c.out,5873
csm_rand_191.c.out,88362
csm_rand_872.c.out,8753
csm_rand_96.c.out,9201
csm_rand_234.c.out,21230
csm_rand_411.c.out,47730
csm_rand_502.c.out,27250
csm_rand_193.c.out,3224
csm_rand_261.c.out,2330
csm_rand_637.c.out,2298
csm_rand_776.c.out,17402
csm_rand_697.c.out,60250
csm_rand_529.c.out,23979
csm_rand_27.c.out,36745
csm_rand_771.c.out,43642
csm_rand_288.c.out,2430
csm_rand_225.c.out,10961
csm_rand_265.c.out,167954
csm_rand_453.c.out,32470
csm_rand_49.c.out,36606
csm_rand_950.c.out,10161
csm_rand_804.c.out,27002
csm_rand_39.c.out,6386
csm_rand_520.c.out,2605
csm_rand_835.c.out,88186
csm_rand_51.c.out,2366
csm_rand_801.c.out,109074
csm_rand_509.c.out,11441
csm_rand_218.c.out,59514
csm_rand_205.c.out,6045
csm_rand_743.c.out,17121
csm_rand_823.c.out,11489
csm_rand_414.c.out,44098
csm_rand_588.c.out,71274
csm_rand_20.c.out,4225
csm_rand_828.c.out,116698
csm_rand_922.c.out,45498
csm_rand_57.c.out,10114
csm_rand_312.c.out,113370
csm_rand_447.c.out,75946
csm_rand_435.c.out,20514
csm_rand_18.c.out,9833
csm_rand_11.c.out,61562
csm_rand_455.c.out,4461
csm_rand_405.c.out,28170
csm_rand_415.c.out,87930
csm_rand_849.c.out,14201
csm_rand_287.c.out,10105
csm_rand_569.c.out,1807
csm_rand_113.c.out,2487
csm_rand_750.c.out,49641
csm_rand_988.c.out,91218
csm_rand_394.c.out,20454
csm_rand_582.c.out,2753
csm_rand_130.c.out,64618
csm_rand_238.c.out,13026
csm_rand_544.c.out,106026
csm_rand_187.c.out,2482
csm_rand_269.c.out,61802
csm_rand_183.c.out,3681
csm_rand_824.c.out,2298
csm_rand_222.c.out,2330
csm_rand_961.c.out,46802
csm_rand_170.c.out,68254
csm_rand_550.c.out,2346
csm_rand_503.c.out,71074
csm_rand_483.c.out,53402
csm_rand_958.c.out,100898
csm_rand_72.c.out,101034
csm_rand_138.c.out,112250
csm_rand_470.c.out,84442
csm_rand_673.c.out,52978
csm_rand_343.c.out,14410
csm_rand_8.c.out,10313
csm_rand_722.c.out,69218
csm_rand_932.c.out,57186
csm_rand_827.c.out,43781
csm_rand_759.c.out,18121
csm_rand_705.c.out,1793
csm_rand_53.c.out,2506
csm_rand_46.c.out,47890
csm_rand_426.c.out,17602
csm_rand_12.c.out,148138
csm_rand_376.c.out,79154
csm_rand_481.c.out,26274
csm_rand_881.c.out,3453
csm_rand_168.c.out,5149
csm_rand_863.c.out,9882
csm_rand_639.c.out,40234
csm_rand_740.c.out,8201
csm_rand_479.c.out,24761
csm_rand_522.c.out,87562
csm_rand_219.c.out,2317
csm_rand_169.c.out,53970
csm_rand_446.c.out,2057
csm_rand_103.c.out,19945
csm_rand_66.c.out,44474
csm_rand_155.c.out,10761
csm_rand_931.c.out,4313
csm_rand_317.c.out,101562
csm_rand_100.c.out,10997
csm_rand_226.c.out,78226
csm_rand_989.c.out,3009
csm_rand_662.c.out,2395
csm_rand_816.c.out,143042
csm_rand_7.c.out,58250
csm_rand_638.c.out,27938
csm_rand_555.c.out,2738
csm_rand_346.c.out,102066
csm_rand_122.c.out,2298
csm_rand_165.c.out,11097
csm_rand_157.c.out,111410
csm_rand_725.c.out,2845
csm_rand_194.c.out,72698
csm_rand_301.c.out,16308
csm_rand_221.c.out,104850
csm_rand_475.c.out,120450
csm_rand_143.c.out,84618
csm_rand_505.c.out,5893
csm_rand_825.c.out,46950
csm_rand_77.c.out,45174
csm_rand_526.c.out,22954
csm_rand_615.c.out,60274
csm_rand_623.c.out,13162
csm_rand_948.c.out,43838
csm_rand_602.c.out,63314
csm_rand_879.c.out,60458
csm_rand_206.c.out,38498
csm_rand_318.c.out,30586
csm_rand_324.c.out,12229
csm_rand_13.c.out,8897
csm_rand_204.c.out,5597
csm_rand_457.c.out,20977
csm_rand_749.c.out,58594
csm_rand_731.c.out,57346
csm_rand_981.c.out,10881
csm_rand_834.c.out,2413
csm_rand_460.c.out,99938
csm_rand_880.c.out,22386
csm_rand_613.c.out,1754
csm_rand_126.c.out,14849
csm_rand_382.c.out,28898
csm_rand_297.c.out,10662
csm_rand_131.c.out,28134
csm_rand_695.c.out,49402
csm_rand_64.c.out,131082
csm_rand_647.c.out,26602
csm_rand_941.c.out,87586
csm_rand_579.c.out,52658
csm_rand_738.c.out,61486
csm_rand_812.c.out,11290
csm_rand_888.c.out,113234
csm_rand_341.c.out,17281
csm_rand_983.c.out,37306
csm_rand_966.c.out,2366
csm_rand_753.c.out,20542
csm_rand_160.c.out,78762
csm_rand_25.c.out,59634
csm_rand_217.c.out,24451
csm_rand_314.c.out,84290
csm_rand_682.c.out,13994
csm_rand_624.c.out,63510
csm_rand_76.c.out,107930
csm_rand_70.c.out,15490
csm_rand_611.c.out,100378
csm_rand_672.c.out,3541
csm_rand_41.c.out,103898
csm_rand_830.c.out,15002
csm_rand_417.c.out,7770
csm_rand_710.c.out,60386
csm_rand_947.c.out,3041
csm_rand_914.c.out,3798
csm_rand_518.c.out,83826
csm_rand_714.c.out,13297
csm_rand_35.c.out,2353
csm_rand_848.c.out,32306
csm_rand_63.c.out,33409
csm_rand_542.c.out,52389
csm_rand_915.c.out,2395
csm_rand_432.c.out,4305
csm_rand_85.c.out,58674
csm_rand_897.c.out,2778
csm_rand_107.c.out,2907
csm_rand_833.c.out,1738
csm_rand_452.c.out,4869
csm_rand_874.c.out,6081
csm_rand_949.c.out,12978
csm_rand_690.c.out,31802
csm_rand_45.c.out,50482
csm_rand_176.c.out,40498
csm_rand_517.c.out,2691
csm_rand_118.c.out,7033
csm_rand_406.c.out,18129
csm_rand_392.c.out,16170
csm_rand_942.c.out,42938
csm_rand_883.c.out,9826
csm_rand_466.c.out,25130
csm_rand_296.c.out,77706
csm_rand_994.c.out,30494
csm_rand_556.c.out,16625
csm_rand_589.c.out,2333
csm_rand_493.c.out,14322
csm_rand_486.c.out,2723
csm_rand_249.c.out,65490
csm_rand_719.c.out,6881
csm_rand_501.c.out,25072
csm_rand_471.c.out,35154
csm_rand_403.c.out,37070
csm_rand_83.c.out,131914
csm_rand_548.c.out,15041
csm_rand_541.c.out,112299
csm_rand_189.c.out,7058
csm_rand_716.c.out,27905
csm_rand_536.c.out,26246
csm_rand_451.c.out,58410
csm_rand_230.c.out,32290
csm_rand_350.c.out,71882
csm_rand_331.c.out,131842
csm_rand_454.c.out,45351
csm_rand_703.c.out,8658
csm_rand_244.c.out,36210
csm_rand_94.c.out,1738
csm_rand_424.c.out,9505
csm_rand_612.c.out,36442
csm_rand_47.c.out,92498
csm_rand_401.c.out,52426
csm_rand_438.c.out,59642
csm_rand_508.c.out,27306
csm_rand_760.c.out,5841
csm_rand_430.c.out,110050
csm_rand_86.c.out,9930
csm_rand_366.c.out,84274
csm_rand_595.c.out,104050
csm_rand_713.c.out,86882
csm_rand_459.c.out,32842
csm_rand_789.c.out,2466
csm_rand_603.c.out,10394
csm_rand_329.c.out,13569
csm_rand_443.c.out,27746
csm_rand_268.c.out,24209
csm_rand_444.c.out,10489
csm_rand_487.c.out,6365
csm_rand_252.c.out,18986
csm_rand_167.c.out,48266
csm_rand_390.c.out,1754
csm_rand_228.c.out,5861
csm_rand_675.c.out,65898
csm_rand_389.c.out,22085
csm_rand_89.c.out,12258
csm_rand_370.c.out,2414
csm_rand_242.c.out,2809
csm_rand_913.c.out,50402
csm_rand_936.c.out,10257
csm_rand_159.c.out,13406
csm_rand_924.c.out,2645
csm_rand_810.c.out,9982
csm_rand_821.c.out,24622
csm_rand_29.c.out,14289
csm_rand_574.c.out,29834
csm_rand_68.c.out,29610
csm_rand_540.c.out,46866
csm_rand_101.c.out,20364
csm_rand_599.c.out,7266
csm_rand_836.c.out,29122
csm_rand_904.c.out,3065
csm_rand_120.c.out,1754
csm_rand_711.c.out,6481
csm_rand_237.c.out,2298
csm_rand_184.c.out,8189
csm_rand_756.c.out,10449
csm_rand_570.c.out,69130
csm_rand_920.c.out,34618
csm_rand_236.c.out,52034
csm_rand_133.c.out,57522
csm_rand_251.c.out,51710
csm_rand_979.c.out,43634
csm_rand_891.c.out,13575
csm_rand_652.c.out,3970
csm_rand_395.c.out,19026
csm_rand_333.c.out,45306
csm_rand_172.c.out,21109
csm_rand_649.c.out,2298
csm_rand_774.c.out,30749
csm_rand_152.c.out,50314
csm_rand_902.c.out,75274
csm_rand_898.c.out,25554
csm_rand_663.c.out,41690
csm_rand_629.c.out,18122
csm_rand_802.c.out,12626
csm_rand_239.c.out,10329
csm_rand_642.c.out,14821
csm_rand_69.c.out,3344
csm_rand_643.c.out,42794
csm_rand_179.c.out,50066
csm_rand_674.c.out,27914
csm_rand_557.c.out,2298
csm_rand_666.c.out,90026
csm_rand_300.c.out,107258
csm_rand_431.c.out,60122
csm_rand_528.c.out,13169
csm_rand_944.c.out,30390
csm_rand_577.c.out,7657
csm_rand_266.c.out,94650
csm_rand_3.c.out,103834
csm_rand_375.c.out,20076
csm_rand_604.c.out,11818
csm_rand_396.c.out,41158
csm_rand_110.c.out,91442
csm_rand_908.c.out,49154
csm_rand_967.c.out,52182
csm_rand_313.c.out,43849
csm_rand_720.c.out,2615
csm_rand_878.c.out,74722
csm_rand_850.c.out,3873
csm_rand_646.c.out,109170
csm_rand_860.c.out,7889
csm_rand_303.c.out,10257
csm_rand_659.c.out,60098
csm_rand_575.c.out,2505
csm_rand_861.c.out,56057
csm_rand_687.c.out,130754
csm_rand_563.c.out,15058
csm_rand_477.c.out,45486
csm_rand_854.c.out,2298
csm_rand_831.c.out,55154
csm_rand_10.c.out,89050
csm_rand_782.c.out,109986
csm_rand_5.c.out,2298
csm_rand_21.c.out,107070
csm_rand_274.c.out,13389
csm_rand_511.c.out,166650
csm_rand_921.c.out,2467
csm_rand_671.c.out,35870
csm_rand_302.c.out,45886
csm_rand_52.c.out,41314
csm_rand_744.c.out,43562
csm_rand_829.c.out,23933
csm_rand_564.c.out,65114
csm_rand_146.c.out,2314
csm_rand_889.c.out,6049
csm_rand_80.c.out,2411
csm_rand_769.c.out,28498
csm_rand_292.c.out,22242
csm_rand_306.c.out,23549
csm_rand_491.c.out,53834
csm_rand_847.c.out,12294
csm_rand_571.c.out,54296
csm_rand_843.c.out,59014
csm_rand_227.c.out,8772
csm_rand_361.c.out,88242
csm_rand_337.c.out,45325
csm_rand_667.c.out,85074
csm_rand_494.c.out,22362
csm_rand_746.c.out,104445
csm_rand_450.c.out,19469
csm_rand_754.c.out,39226
csm_rand_768.c.out,66722
csm_rand_23.c.out,96594
csm_rand_656.c.out,30706
csm_rand_499.c.out,66198
csm_rand_974.c.out,40361
csm_rand_739.c.out,89866
csm_rand_765.c.out,5361
csm_rand_200.c.out,83698
csm_rand_693.c.out,21993
csm_rand_445.c.out,32647
csm_rand_871.c.out,68706
csm_rand_702.c.out,68906
csm_rand_524.c.out,2366
csm_rand_670.c.out,7865
csm_rand_968.c.out,8105
csm_rand_668.c.out,6778
csm_rand_506.c.out,38085
csm_rand_547.c.out,52402
csm_rand_935.c.out,135250
csm_rand_44.c.out,88746
csm_rand_55.c.out,23450
csm_rand_386.c.out,23853
csm_rand_707.c.out,11005
csm_rand_439.c.out,21041
csm_rand_566.c.out,29650
csm_rand_260.c.out,13426
csm_rand_601.c.out,2411
csm_rand_554.c.out,44226
csm_rand_586.c.out,8834
csm_rand_298.c.out,102066
csm_rand_845.c.out,47170
csm_rand_186.c.out,11194
csm_rand_34.c.out,40018
csm_rand_996.c.out,11026
csm_rand_281.c.out,6265
csm_rand_462.c.out,5305
csm_rand_956.c.out,60594
csm_rand_482.c.out,33993
csm_rand_978.c.out,128322
csm_rand_616.c.out,5993
csm_rand_33.c.out,61146
csm_rand_360.c.out,23082
csm_rand_585.c.out,65754
csm_rand_969.c.out,8653
csm_rand_927.c.out,84858
csm_rand_490.c.out,48130
csm_rand_839.c.out,2596
csm_rand_963.c.out,103946
csm_rand_163.c.out,50730
csm_rand_338.c.out,72746
csm_rand_984.c.out,8461
csm_rand_691.c.out,122438
csm_rand_129.c.out,93606
csm_rand_368.c.out,2563
csm_rand_655.c.out,25065
csm_rand_311.c.out,48242
csm_rand_587.c.out,2298
csm_rand_280.c.out,16073
csm_rand_597.c.out,30146
csm_rand_258.c.out,9513
csm_rand_514.c.out,40250
csm_rand_887.c.out,74882
csm_rand_139.c.out,17466
csm_rand_135.c.out,5313
csm_rand_295.c.out,5077
csm_rand_497.c.out,131858
csm_rand_946.c.out,10327
csm_rand_873.c.out,47402
csm_rand_689.c.out,2695
csm_rand_270.c.out,2298
csm_rand_605.c.out,7594
csm_rand_809.c.out,32422
csm_rand_617.c.out,102730
csm_rand_105.c.out,67778
csm_rand_539.c.out,24858
csm_rand_976.c.out,45711
csm_rand_36.c.out,40006
csm_rand_970.c.out,2638
csm_rand_1.c.out,32738
csm_rand_875.c.out,80738
csm_rand_427.c.out,36794
csm_rand_19.c.out,12017
csm_rand_516.c.out,5889
csm_rand_32.c.out,102562
csm_rand_696.c.out,13194
csm_rand_609.c.out,96262
csm_rand_81.c.out,61770
csm_rand_367.c.out,25154
csm_rand_383.c.out,14913
csm_rand_805.c.out,34346
csm_rand_653.c.out,49882
csm_rand_855.c.out,52894
csm_rand_468.c.out,33114
csm_rand_156.c.out,2346
csm_rand_467.c.out,5473
csm_rand_783.c.out,105858
csm_rand_208.c.out,85458
csm_rand_561.c.out,9002
csm_rand_515.c.out,1754
csm_rand_357.c.out,48270
csm_rand_549.c.out,59450
csm_rand_136.c.out,3081
csm_rand_748.c.out,89982
csm_rand_822.c.out,10593
csm_rand_348.c.out,32742
csm_rand_78.c.out,40154
csm_rand_852.c.out,24659
csm_rand_428.c.out,32299
csm_rand_349.c.out,2330
csm_rand_786.c.out,70517
csm_rand_781.c.out,81010
csm_rand_938.c.out,26242
csm_rand_993.c.out,28505
csm_rand_229.c.out,3329
csm_rand_923.c.out,12061
csm_rand_534.c.out,10486
csm_rand_985.c.out,9810
csm_rand_211.c.out,7093
csm_rand_772.c.out,11657
csm_rand_273.c.out,11569
csm_rand_794.c.out,53154
csm_rand_484.c.out,31893
csm_rand_212.c.out,32593
csm_rand_751.c.out,125338
csm_rand_87.c.out,47034
csm_rand_109.c.out,19322
csm_rand_9.c.out,33561
csm_rand_43.c.out,33866
csm_rand_712.c.out,60170
csm_rand_364.c.out,53450
csm_rand_925.c.out,150074
csm_rand_134.c.out,40273
csm_rand_92.c.out,61270
csm_rand_596.c.out,10049
csm_rand_651.c.out,2314
csm_rand_276.c.out,95890
csm_rand_112.c.out,17601
csm_rand_253.c.out,14865
csm_rand_665.c.out,65394
csm_rand_856.c.out,7690
csm_rand_385.c.out,2633
csm_rand_347.c.out,31578
csm_rand_207.c.out,99794
csm_rand_513.c.out,78642
csm_rand_14.c.out,2298
csm_rand_866.c.out,127546
csm_rand_761.c.out,28453
csm_rand_387.c.out,11385
csm_rand_420.c.out,6061
csm_rand_246.c.out,22769
csm_rand_6.c.out,88830
csm_rand_594.c.out,63442
csm_rand_150.c.out,102034
csm_rand_190.c.out,48258
csm_rand_718.c.out,33250
csm_rand_421.c.out,29658
csm_rand_551.c.out,2564
csm_rand_99.c.out,46410
csm_rand_429.c.out,76626
csm_rand_371.c.out,12602
csm_rand_618.c.out,67070
csm_rand_814.c.out,7754
csm_rand_153.c.out,14369
csm_rand_610.c.out,8490
csm_rand_606.c.out,126110
csm_rand_504.c.out,17281
csm_rand_220.c.out,90850
csm_rand_972.c.out,148250
csm_rand_527.c.out,137178
csm_rand_869.c.out,212962
csm_rand_464.c.out,83386
csm_rand_325.c.out,14945
csm_rand_620.c.out,15660
csm_rand_320.c.out,42497
csm_rand_851.c.out,146578
csm_rand_584.c.out,84554
csm_rand_657.c.out,1754
csm_rand_377.c.out,51898
csm_rand_304.c.out,24353
csm_rand_374.c.out,2298
csm_rand_210.c.out,112106
csm_rand_581.c.out,74418
csm_rand_307.c.out,10969
csm_rand_463.c.out,31362
csm_rand_736.c.out,1738
csm_rand_745.c.out,1891
csm_rand_928.c.out,7753
csm_rand_917.c.out,92978
csm_rand_91.c.out,50830
csm_rand_940.c.out,44834
csm_rand_59.c.out,29522
csm_rand_24.c.out,33942
csm_rand_721.c.out,2298
csm_rand_523.c.out,4081
csm_rand_608.c.out,2298
csm_rand_709.c.out,22002
csm_rand_842.c.out,30170
csm_rand_735.c.out,100714
csm_rand_911.c.out,152782
csm_rand_137.c.out,66882
csm_rand_798.c.out,8634
csm_rand_627.c.out,46497
csm_rand_128.c.out,48226
csm_rand_294.c.out,38986
csm_rand_351.c.out,3197
csm_rand_54.c.out,2298
csm_rand_859.c.out,12689
csm_rand_344.c.out,11102
csm_rand_71.c.out,9466
csm_rand_148.c.out,18110
csm_rand_171.c.out,59978
csm_rand_857.c.out,23990
csm_rand_162.c.out,22146
csm_rand_797.c.out,26274
csm_rand_256.c.out,44110
csm_rand_992.c.out,4159
csm_rand_245.c.out,8474
csm_rand_111.c.out,69034
csm_rand_488.c.out,38569
csm_rand_293.c.out,2317
csm_rand_180.c.out,2330
csm_rand_507.c.out,62709
csm_rand_116.c.out,2753
csm_rand_233.c.out,18513
csm_rand_423.c.out,64522
csm_rand_762.c.out,82622
csm_rand_573.c.out,1738
csm_rand_884.c.out,23138
csm_rand_717.c.out,11593
csm_rand_907.c.out,45426
csm_rand_330.c.out,21257
csm_rand_60.c.out,1738
csm_rand_732.c.out,64330
csm_rand_48.c.out,165938
csm_rand_837.c.out,2314
csm_rand_811.c.out,74418
csm_rand_537.c.out,10582
csm_rand_580.c.out,19418
csm_rand_795.c.out,14765
csm_rand_114.c.out,1738
csm_rand_559.c.out,10329
csm_rand_826.c.out,12369
csm_rand_628.c.out,99978
csm_rand_127.c.out,21992
csm_rand_724.c.out,51066
csm_rand_174.c.out,41754
csm_rand_538.c.out,2613
csm_rand_345.c.out,79090
csm_rand_986.c.out,2686
csm_rand_97.c.out,42082
csm_rand_819.c.out,47089
csm_rand_780.c.out,96722
csm_rand_704.c.out,2749
csm_rand_737.c.out,131042
csm_rand_282.c.out,88570
csm_rand_98.c.out,24946
csm_rand_327.c.out,65674
csm_rand_893.c.out,13738
csm_rand_209.c.out,29981
csm_rand_323.c.out,18281
csm_rand_729.c.out,38558
csm_rand_65.c.out,44586
csm_rand_474.c.out,2841
csm_rand_818.c.out,86434
csm_rand_980.c.out,5569
csm_rand_661.c.out,52679
csm_rand_899.c.out,2881
csm_rand_775.c.out,6161
csm_rand_181.c.out,198634
csm_rand_308.c.out,24177
csm_rand_892.c.out,2869
csm_rand_578.c.out,19178
csm_rand_987.c.out,37362
csm_rand_448.c.out,44874
csm_rand_31.c.out,2314
csm_rand_154.c.out,58682
csm_rand_188.c.out,138522
csm_rand_397.c.out,53134
csm_rand_195.c.out,11098
csm_rand_173.c.out,96018
csm_rand_846.c.out,94274
csm_rand_598.c.out,48586
csm_rand_741.c.out,32365
csm_rand_125.c.out,46058
csm_rand_734.c.out,13770
csm_rand_50.c.out,2885
csm_rand_372.c.out,63602
csm_rand_398.c.out,54234
csm_rand_901.c.out,14041
csm_rand_84.c.out,61502
csm_rand_820.c.out,61674
csm_rand_391.c.out,17650
csm_rand_971.c.out,15898
csm_rand_868.c.out,24801
csm_rand_635.c.out,15594
csm_rand_634.c.out,93826
csm_rand_951.c.out,39594
csm_rand_495.c.out,71754
csm_rand_90.c.out,54618
csm_rand_862.c.out,7529
csm_rand_248.c.out,18482
csm_rand_791.c.out,17865
csm_rand_358.c.out,9266
csm_rand_730.c.out,87058
csm_rand_185.c.out,115370
csm_rand_763.c.out,2298
csm_rand_158.c.out,16121
csm_rand_933.c.out,46282
csm_rand_37.c.out,1738
csm_rand_784.c.out,2341
csm_rand_201.c.out,4489
csm_rand_214.c.out,19882
csm_rand_546.c.out,49812
csm_rand_641.c.out,39442
csm_rand_328.c.out,11649
csm_rand_182.c.out,15506
csm_rand_299.c.out,39858
csm_rand_380.c.out,9430
csm_rand_342.c.out,52778
